date,placement_id,deal_id,ivt_category,ivt_impressions,detection_method
2026-04-01,PL-001,DEAL-MB-2026Q2,GIVT,919,pattern_matching
2026-04-01,PL-001,DEAL-MB-2026Q2,SIVT,751,behavioral_analysis
2026-04-01,PL-002,DEAL-MB-2026Q2,GIVT,695,pattern_matching
2026-04-01,PL-002,DEAL-MB-2026Q2,SIVT,585,behavioral_analysis
2026-04-01,PL-003,DEAL-MB-2026Q2,GIVT,1040,pattern_matching
2026-04-01,PL-003,DEAL-MB-2026Q2,SIVT,848,behavioral_analysis
2026-04-01,PL-004,DEAL-MB-2026Q2,GIVT,765,pattern_matching
2026-04-01,PL-004,DEAL-MB-2026Q2,SIVT,654,behavioral_analysis
2026-04-01,PL-005,DEAL-MB-2026Q2,GIVT,841,pattern_matching
2026-04-01,PL-005,DEAL-MB-2026Q2,SIVT,665,behavioral_analysis
2026-04-01,PL-006,DEAL-MB-2026Q2,GIVT,762,pattern_matching
2026-04-01,PL-006,DEAL-MB-2026Q2,SIVT,527,behavioral_analysis
2026-04-01,PL-007,DEAL-MB-2026Q2,GIVT,971,pattern_matching
2026-04-01,PL-007,DEAL-MB-2026Q2,SIVT,715,behavioral_analysis
2026-04-01,PL-008,DEAL-MB-2026Q2,GIVT,986,pattern_matching
2026-04-01,PL-008,DEAL-MB-2026Q2,SIVT,797,behavioral_analysis
2026-04-01,PL-009,DEAL-MB-2026Q2,GIVT,873,pattern_matching
2026-04-01,PL-009,DEAL-MB-2026Q2,SIVT,664,behavioral_analysis
2026-04-02,PL-001,DEAL-MB-2026Q2,GIVT,902,pattern_matching
2026-04-02,PL-001,DEAL-MB-2026Q2,SIVT,784,behavioral_analysis
2026-04-02,PL-002,DEAL-MB-2026Q2,GIVT,689,pattern_matching
2026-04-02,PL-002,DEAL-MB-2026Q2,SIVT,613,behavioral_analysis
2026-04-02,PL-003,DEAL-MB-2026Q2,GIVT,911,pattern_matching
2026-04-02,PL-003,DEAL-MB-2026Q2,SIVT,829,behavioral_analysis
2026-04-02,PL-004,DEAL-MB-2026Q2,GIVT,884,pattern_matching
2026-04-02,PL-004,DEAL-MB-2026Q2,SIVT,847,behavioral_analysis
2026-04-02,PL-005,DEAL-MB-2026Q2,GIVT,975,pattern_matching
2026-04-02,PL-005,DEAL-MB-2026Q2,SIVT,876,behavioral_analysis
2026-04-02,PL-006,DEAL-MB-2026Q2,GIVT,849,pattern_matching
2026-04-02,PL-006,DEAL-MB-2026Q2,SIVT,606,behavioral_analysis
2026-04-02,PL-007,DEAL-MB-2026Q2,GIVT,932,pattern_matching
2026-04-02,PL-007,DEAL-MB-2026Q2,SIVT,731,behavioral_analysis
2026-04-02,PL-008,DEAL-MB-2026Q2,GIVT,804,pattern_matching
2026-04-02,PL-008,DEAL-MB-2026Q2,SIVT,684,behavioral_analysis
2026-04-02,PL-009,DEAL-MB-2026Q2,GIVT,700,pattern_matching
2026-04-02,PL-009,DEAL-MB-2026Q2,SIVT,592,behavioral_analysis
2026-04-03,PL-001,DEAL-MB-2026Q2,GIVT,1043,pattern_matching
2026-04-03,PL-001,DEAL-MB-2026Q2,SIVT,876,behavioral_analysis
2026-04-03,PL-002,DEAL-MB-2026Q2,GIVT,663,pattern_matching
2026-04-03,PL-002,DEAL-MB-2026Q2,SIVT,608,behavioral_analysis
2026-04-03,PL-003,DEAL-MB-2026Q2,GIVT,1013,pattern_matching
2026-04-03,PL-003,DEAL-MB-2026Q2,SIVT,907,behavioral_analysis
2026-04-03,PL-004,DEAL-MB-2026Q2,GIVT,871,pattern_matching
2026-04-03,PL-004,DEAL-MB-2026Q2,SIVT,750,behavioral_analysis
2026-04-03,PL-005,DEAL-MB-2026Q2,GIVT,726,pattern_matching
2026-04-03,PL-005,DEAL-MB-2026Q2,SIVT,634,behavioral_analysis
2026-04-03,PL-006,DEAL-MB-2026Q2,GIVT,845,pattern_matching
2026-04-03,PL-006,DEAL-MB-2026Q2,SIVT,667,behavioral_analysis
2026-04-03,PL-007,DEAL-MB-2026Q2,GIVT,756,pattern_matching
2026-04-03,PL-007,DEAL-MB-2026Q2,SIVT,641,behavioral_analysis
2026-04-03,PL-008,DEAL-MB-2026Q2,GIVT,1074,pattern_matching
2026-04-03,PL-008,DEAL-MB-2026Q2,SIVT,872,behavioral_analysis
2026-04-03,PL-009,DEAL-MB-2026Q2,GIVT,873,pattern_matching
2026-04-03,PL-009,DEAL-MB-2026Q2,SIVT,647,behavioral_analysis
2026-04-04,PL-001,DEAL-MB-2026Q2,GIVT,792,pattern_matching
2026-04-04,PL-001,DEAL-MB-2026Q2,SIVT,529,behavioral_analysis
2026-04-04,PL-002,DEAL-MB-2026Q2,GIVT,929,pattern_matching
2026-04-04,PL-002,DEAL-MB-2026Q2,SIVT,828,behavioral_analysis
2026-04-04,PL-003,DEAL-MB-2026Q2,GIVT,697,pattern_matching
2026-04-04,PL-003,DEAL-MB-2026Q2,SIVT,587,behavioral_analysis
2026-04-04,PL-004,DEAL-MB-2026Q2,GIVT,772,pattern_matching
2026-04-04,PL-004,DEAL-MB-2026Q2,SIVT,588,behavioral_analysis
2026-04-04,PL-005,DEAL-MB-2026Q2,GIVT,773,pattern_matching
2026-04-04,PL-005,DEAL-MB-2026Q2,SIVT,714,behavioral_analysis
2026-04-04,PL-006,DEAL-MB-2026Q2,GIVT,709,pattern_matching
2026-04-04,PL-006,DEAL-MB-2026Q2,SIVT,614,behavioral_analysis
2026-04-04,PL-007,DEAL-MB-2026Q2,GIVT,924,pattern_matching
2026-04-04,PL-007,DEAL-MB-2026Q2,SIVT,727,behavioral_analysis
2026-04-04,PL-008,DEAL-MB-2026Q2,GIVT,781,pattern_matching
2026-04-04,PL-008,DEAL-MB-2026Q2,SIVT,665,behavioral_analysis
2026-04-04,PL-009,DEAL-MB-2026Q2,GIVT,966,pattern_matching
2026-04-04,PL-009,DEAL-MB-2026Q2,SIVT,716,behavioral_analysis
2026-04-05,PL-001,DEAL-MB-2026Q2,GIVT,1041,pattern_matching
2026-04-05,PL-001,DEAL-MB-2026Q2,SIVT,776,behavioral_analysis
2026-04-05,PL-002,DEAL-MB-2026Q2,GIVT,1004,pattern_matching
2026-04-05,PL-002,DEAL-MB-2026Q2,SIVT,712,behavioral_analysis
2026-04-05,PL-003,DEAL-MB-2026Q2,GIVT,837,pattern_matching
2026-04-05,PL-003,DEAL-MB-2026Q2,SIVT,699,behavioral_analysis
2026-04-05,PL-004,DEAL-MB-2026Q2,GIVT,928,pattern_matching
2026-04-05,PL-004,DEAL-MB-2026Q2,SIVT,750,behavioral_analysis
2026-04-05,PL-005,DEAL-MB-2026Q2,GIVT,928,pattern_matching
2026-04-05,PL-005,DEAL-MB-2026Q2,SIVT,825,behavioral_analysis
2026-04-05,PL-006,DEAL-MB-2026Q2,GIVT,781,pattern_matching
2026-04-05,PL-006,DEAL-MB-2026Q2,SIVT,665,behavioral_analysis
2026-04-05,PL-007,DEAL-MB-2026Q2,GIVT,873,pattern_matching
2026-04-05,PL-007,DEAL-MB-2026Q2,SIVT,779,behavioral_analysis
2026-04-05,PL-008,DEAL-MB-2026Q2,GIVT,981,pattern_matching
2026-04-05,PL-008,DEAL-MB-2026Q2,SIVT,806,behavioral_analysis
2026-04-05,PL-009,DEAL-MB-2026Q2,GIVT,699,pattern_matching
2026-04-05,PL-009,DEAL-MB-2026Q2,SIVT,667,behavioral_analysis
2026-04-06,PL-001,DEAL-MB-2026Q2,GIVT,810,pattern_matching
2026-04-06,PL-001,DEAL-MB-2026Q2,SIVT,792,behavioral_analysis
2026-04-06,PL-002,DEAL-MB-2026Q2,GIVT,732,pattern_matching
2026-04-06,PL-002,DEAL-MB-2026Q2,SIVT,527,behavioral_analysis
2026-04-06,PL-003,DEAL-MB-2026Q2,GIVT,921,pattern_matching
2026-04-06,PL-003,DEAL-MB-2026Q2,SIVT,820,behavioral_analysis
2026-04-06,PL-004,DEAL-MB-2026Q2,GIVT,1000,pattern_matching
2026-04-06,PL-004,DEAL-MB-2026Q2,SIVT,777,behavioral_analysis
2026-04-06,PL-005,DEAL-MB-2026Q2,GIVT,878,pattern_matching
2026-04-06,PL-005,DEAL-MB-2026Q2,SIVT,680,behavioral_analysis
2026-04-06,PL-006,DEAL-MB-2026Q2,GIVT,1029,pattern_matching
2026-04-06,PL-006,DEAL-MB-2026Q2,SIVT,760,behavioral_analysis
2026-04-06,PL-007,DEAL-MB-2026Q2,GIVT,731,pattern_matching
2026-04-06,PL-007,DEAL-MB-2026Q2,SIVT,643,behavioral_analysis
2026-04-06,PL-008,DEAL-MB-2026Q2,GIVT,848,pattern_matching
2026-04-06,PL-008,DEAL-MB-2026Q2,SIVT,776,behavioral_analysis
2026-04-06,PL-009,DEAL-MB-2026Q2,GIVT,695,pattern_matching
2026-04-06,PL-009,DEAL-MB-2026Q2,SIVT,560,behavioral_analysis
2026-04-07,PL-001,DEAL-MB-2026Q2,GIVT,968,pattern_matching
2026-04-07,PL-001,DEAL-MB-2026Q2,SIVT,711,behavioral_analysis
2026-04-07,PL-002,DEAL-MB-2026Q2,GIVT,889,pattern_matching
2026-04-07,PL-002,DEAL-MB-2026Q2,SIVT,719,behavioral_analysis
2026-04-07,PL-003,DEAL-MB-2026Q2,GIVT,688,pattern_matching
2026-04-07,PL-003,DEAL-MB-2026Q2,SIVT,588,behavioral_analysis
2026-04-07,PL-004,DEAL-MB-2026Q2,GIVT,938,pattern_matching
2026-04-07,PL-004,DEAL-MB-2026Q2,SIVT,714,behavioral_analysis
2026-04-07,PL-005,DEAL-MB-2026Q2,GIVT,835,pattern_matching
2026-04-07,PL-005,DEAL-MB-2026Q2,SIVT,683,behavioral_analysis
2026-04-07,PL-006,DEAL-MB-2026Q2,GIVT,687,pattern_matching
2026-04-07,PL-006,DEAL-MB-2026Q2,SIVT,590,behavioral_analysis
2026-04-07,PL-007,DEAL-MB-2026Q2,GIVT,751,pattern_matching
2026-04-07,PL-007,DEAL-MB-2026Q2,SIVT,611,behavioral_analysis
2026-04-07,PL-008,DEAL-MB-2026Q2,GIVT,938,pattern_matching
2026-04-07,PL-008,DEAL-MB-2026Q2,SIVT,793,behavioral_analysis
2026-04-07,PL-009,DEAL-MB-2026Q2,GIVT,928,pattern_matching
2026-04-07,PL-009,DEAL-MB-2026Q2,SIVT,745,behavioral_analysis
2026-04-08,PL-001,DEAL-MB-2026Q2,GIVT,658,pattern_matching
2026-04-08,PL-001,DEAL-MB-2026Q2,SIVT,637,behavioral_analysis
2026-04-08,PL-002,DEAL-MB-2026Q2,GIVT,992,pattern_matching
2026-04-08,PL-002,DEAL-MB-2026Q2,SIVT,723,behavioral_analysis
2026-04-08,PL-003,DEAL-MB-2026Q2,GIVT,915,pattern_matching
2026-04-08,PL-003,DEAL-MB-2026Q2,SIVT,659,behavioral_analysis
2026-04-08,PL-004,DEAL-MB-2026Q2,GIVT,825,pattern_matching
2026-04-08,PL-004,DEAL-MB-2026Q2,SIVT,691,behavioral_analysis
2026-04-08,PL-005,DEAL-MB-2026Q2,GIVT,714,pattern_matching
2026-04-08,PL-005,DEAL-MB-2026Q2,SIVT,608,behavioral_analysis
2026-04-08,PL-006,DEAL-MB-2026Q2,GIVT,1016,pattern_matching
2026-04-08,PL-006,DEAL-MB-2026Q2,SIVT,754,behavioral_analysis
2026-04-08,PL-007,DEAL-MB-2026Q2,GIVT,748,pattern_matching
2026-04-08,PL-007,DEAL-MB-2026Q2,SIVT,617,behavioral_analysis
2026-04-08,PL-008,DEAL-MB-2026Q2,GIVT,825,pattern_matching
2026-04-08,PL-008,DEAL-MB-2026Q2,SIVT,773,behavioral_analysis
2026-04-08,PL-009,DEAL-MB-2026Q2,GIVT,817,pattern_matching
2026-04-08,PL-009,DEAL-MB-2026Q2,SIVT,575,behavioral_analysis
2026-04-09,PL-001,DEAL-MB-2026Q2,GIVT,736,pattern_matching
2026-04-09,PL-001,DEAL-MB-2026Q2,SIVT,617,behavioral_analysis
2026-04-09,PL-002,DEAL-MB-2026Q2,GIVT,763,pattern_matching
2026-04-09,PL-002,DEAL-MB-2026Q2,SIVT,651,behavioral_analysis
2026-04-09,PL-003,DEAL-MB-2026Q2,GIVT,889,pattern_matching
2026-04-09,PL-003,DEAL-MB-2026Q2,SIVT,711,behavioral_analysis
2026-04-09,PL-004,DEAL-MB-2026Q2,GIVT,979,pattern_matching
2026-04-09,PL-004,DEAL-MB-2026Q2,SIVT,822,behavioral_analysis
2026-04-09,PL-005,DEAL-MB-2026Q2,GIVT,695,pattern_matching
2026-04-09,PL-005,DEAL-MB-2026Q2,SIVT,604,behavioral_analysis
2026-04-09,PL-006,DEAL-MB-2026Q2,GIVT,960,pattern_matching
2026-04-09,PL-006,DEAL-MB-2026Q2,SIVT,755,behavioral_analysis
2026-04-09,PL-007,DEAL-MB-2026Q2,GIVT,823,pattern_matching
2026-04-09,PL-007,DEAL-MB-2026Q2,SIVT,765,behavioral_analysis
2026-04-09,PL-008,DEAL-MB-2026Q2,GIVT,839,pattern_matching
2026-04-09,PL-008,DEAL-MB-2026Q2,SIVT,659,behavioral_analysis
2026-04-09,PL-009,DEAL-MB-2026Q2,GIVT,720,pattern_matching
2026-04-09,PL-009,DEAL-MB-2026Q2,SIVT,606,behavioral_analysis
2026-04-10,PL-001,DEAL-MB-2026Q2,GIVT,1050,pattern_matching
2026-04-10,PL-001,DEAL-MB-2026Q2,SIVT,714,behavioral_analysis
2026-04-10,PL-002,DEAL-MB-2026Q2,GIVT,735,pattern_matching
2026-04-10,PL-002,DEAL-MB-2026Q2,SIVT,641,behavioral_analysis
2026-04-10,PL-003,DEAL-MB-2026Q2,GIVT,833,pattern_matching
2026-04-10,PL-003,DEAL-MB-2026Q2,SIVT,681,behavioral_analysis
2026-04-10,PL-004,DEAL-MB-2026Q2,GIVT,787,pattern_matching
2026-04-10,PL-004,DEAL-MB-2026Q2,SIVT,723,behavioral_analysis
2026-04-10,PL-005,DEAL-MB-2026Q2,GIVT,753,pattern_matching
2026-04-10,PL-005,DEAL-MB-2026Q2,SIVT,575,behavioral_analysis
2026-04-10,PL-006,DEAL-MB-2026Q2,GIVT,937,pattern_matching
2026-04-10,PL-006,DEAL-MB-2026Q2,SIVT,877,behavioral_analysis
2026-04-10,PL-007,DEAL-MB-2026Q2,GIVT,669,pattern_matching
2026-04-10,PL-007,DEAL-MB-2026Q2,SIVT,618,behavioral_analysis
2026-04-10,PL-008,DEAL-MB-2026Q2,GIVT,743,pattern_matching
2026-04-10,PL-008,DEAL-MB-2026Q2,SIVT,577,behavioral_analysis
2026-04-10,PL-009,DEAL-MB-2026Q2,GIVT,924,pattern_matching
2026-04-10,PL-009,DEAL-MB-2026Q2,SIVT,831,behavioral_analysis
2026-04-11,PL-001,DEAL-MB-2026Q2,GIVT,787,pattern_matching
2026-04-11,PL-001,DEAL-MB-2026Q2,SIVT,613,behavioral_analysis
2026-04-11,PL-002,DEAL-MB-2026Q2,GIVT,710,pattern_matching
2026-04-11,PL-002,DEAL-MB-2026Q2,SIVT,649,behavioral_analysis
2026-04-11,PL-003,DEAL-MB-2026Q2,GIVT,823,pattern_matching
2026-04-11,PL-003,DEAL-MB-2026Q2,SIVT,702,behavioral_analysis
2026-04-11,PL-004,DEAL-MB-2026Q2,GIVT,769,pattern_matching
2026-04-11,PL-004,DEAL-MB-2026Q2,SIVT,566,behavioral_analysis
2026-04-11,PL-005,DEAL-MB-2026Q2,GIVT,897,pattern_matching
2026-04-11,PL-005,DEAL-MB-2026Q2,SIVT,771,behavioral_analysis
2026-04-11,PL-006,DEAL-MB-2026Q2,GIVT,664,pattern_matching
2026-04-11,PL-006,DEAL-MB-2026Q2,SIVT,579,behavioral_analysis
2026-04-11,PL-007,DEAL-MB-2026Q2,GIVT,797,pattern_matching
2026-04-11,PL-007,DEAL-MB-2026Q2,SIVT,682,behavioral_analysis
2026-04-11,PL-008,DEAL-MB-2026Q2,GIVT,832,pattern_matching
2026-04-11,PL-008,DEAL-MB-2026Q2,SIVT,677,behavioral_analysis
2026-04-11,PL-009,DEAL-MB-2026Q2,GIVT,1066,pattern_matching
2026-04-11,PL-009,DEAL-MB-2026Q2,SIVT,923,behavioral_analysis
2026-04-12,PL-001,DEAL-MB-2026Q2,GIVT,695,pattern_matching
2026-04-12,PL-001,DEAL-MB-2026Q2,SIVT,617,behavioral_analysis
2026-04-12,PL-002,DEAL-MB-2026Q2,GIVT,859,pattern_matching
2026-04-12,PL-002,DEAL-MB-2026Q2,SIVT,609,behavioral_analysis
2026-04-12,PL-003,DEAL-MB-2026Q2,GIVT,822,pattern_matching
2026-04-12,PL-003,DEAL-MB-2026Q2,SIVT,761,behavioral_analysis
2026-04-12,PL-004,DEAL-MB-2026Q2,GIVT,872,pattern_matching
2026-04-12,PL-004,DEAL-MB-2026Q2,SIVT,671,behavioral_analysis
2026-04-12,PL-005,DEAL-MB-2026Q2,GIVT,807,pattern_matching
2026-04-12,PL-005,DEAL-MB-2026Q2,SIVT,682,behavioral_analysis
2026-04-12,PL-006,DEAL-MB-2026Q2,GIVT,848,pattern_matching
2026-04-12,PL-006,DEAL-MB-2026Q2,SIVT,733,behavioral_analysis
2026-04-12,PL-007,DEAL-MB-2026Q2,GIVT,1091,pattern_matching
2026-04-12,PL-007,DEAL-MB-2026Q2,SIVT,890,behavioral_analysis
2026-04-12,PL-008,DEAL-MB-2026Q2,GIVT,835,pattern_matching
2026-04-12,PL-008,DEAL-MB-2026Q2,SIVT,796,behavioral_analysis
2026-04-12,PL-009,DEAL-MB-2026Q2,GIVT,1011,pattern_matching
2026-04-12,PL-009,DEAL-MB-2026Q2,SIVT,801,behavioral_analysis
2026-04-13,PL-001,DEAL-MB-2026Q2,GIVT,926,pattern_matching
2026-04-13,PL-001,DEAL-MB-2026Q2,SIVT,824,behavioral_analysis
2026-04-13,PL-002,DEAL-MB-2026Q2,GIVT,853,pattern_matching
2026-04-13,PL-002,DEAL-MB-2026Q2,SIVT,677,behavioral_analysis
2026-04-13,PL-003,DEAL-MB-2026Q2,GIVT,718,pattern_matching
2026-04-13,PL-003,DEAL-MB-2026Q2,SIVT,563,behavioral_analysis
2026-04-13,PL-004,DEAL-MB-2026Q2,GIVT,748,pattern_matching
2026-04-13,PL-004,DEAL-MB-2026Q2,SIVT,619,behavioral_analysis
2026-04-13,PL-005,DEAL-MB-2026Q2,GIVT,766,pattern_matching
2026-04-13,PL-005,DEAL-MB-2026Q2,SIVT,689,behavioral_analysis
2026-04-13,PL-006,DEAL-MB-2026Q2,GIVT,748,pattern_matching
2026-04-13,PL-006,DEAL-MB-2026Q2,SIVT,622,behavioral_analysis
2026-04-13,PL-007,DEAL-MB-2026Q2,GIVT,673,pattern_matching
2026-04-13,PL-007,DEAL-MB-2026Q2,SIVT,647,behavioral_analysis
2026-04-13,PL-008,DEAL-MB-2026Q2,GIVT,729,pattern_matching
2026-04-13,PL-008,DEAL-MB-2026Q2,SIVT,555,behavioral_analysis
2026-04-13,PL-009,DEAL-MB-2026Q2,GIVT,965,pattern_matching
2026-04-13,PL-009,DEAL-MB-2026Q2,SIVT,692,behavioral_analysis
2026-04-14,PL-001,DEAL-MB-2026Q2,GIVT,807,pattern_matching
2026-04-14,PL-001,DEAL-MB-2026Q2,SIVT,701,behavioral_analysis
2026-04-14,PL-002,DEAL-MB-2026Q2,GIVT,979,pattern_matching
2026-04-14,PL-002,DEAL-MB-2026Q2,SIVT,823,behavioral_analysis
2026-04-14,PL-003,DEAL-MB-2026Q2,GIVT,921,pattern_matching
2026-04-14,PL-003,DEAL-MB-2026Q2,SIVT,778,behavioral_analysis
2026-04-14,PL-004,DEAL-MB-2026Q2,GIVT,772,pattern_matching
2026-04-14,PL-004,DEAL-MB-2026Q2,SIVT,611,behavioral_analysis
2026-04-14,PL-005,DEAL-MB-2026Q2,GIVT,1083,pattern_matching
2026-04-14,PL-005,DEAL-MB-2026Q2,SIVT,768,behavioral_analysis
2026-04-14,PL-006,DEAL-MB-2026Q2,GIVT,969,pattern_matching
2026-04-14,PL-006,DEAL-MB-2026Q2,SIVT,795,behavioral_analysis
2026-04-14,PL-007,DEAL-MB-2026Q2,GIVT,781,pattern_matching
2026-04-14,PL-007,DEAL-MB-2026Q2,SIVT,596,behavioral_analysis
2026-04-14,PL-008,DEAL-MB-2026Q2,GIVT,758,pattern_matching
2026-04-14,PL-008,DEAL-MB-2026Q2,SIVT,667,behavioral_analysis
2026-04-14,PL-009,DEAL-MB-2026Q2,GIVT,1001,pattern_matching
2026-04-14,PL-009,DEAL-MB-2026Q2,SIVT,904,behavioral_analysis
2026-04-15,PL-001,DEAL-MB-2026Q2,GIVT,1040,pattern_matching
2026-04-15,PL-001,DEAL-MB-2026Q2,SIVT,715,behavioral_analysis
2026-04-15,PL-002,DEAL-MB-2026Q2,GIVT,973,pattern_matching
2026-04-15,PL-002,DEAL-MB-2026Q2,SIVT,729,behavioral_analysis
2026-04-15,PL-003,DEAL-MB-2026Q2,GIVT,933,pattern_matching
2026-04-15,PL-003,DEAL-MB-2026Q2,SIVT,773,behavioral_analysis
2026-04-15,PL-004,DEAL-MB-2026Q2,GIVT,744,pattern_matching
2026-04-15,PL-004,DEAL-MB-2026Q2,SIVT,589,behavioral_analysis
2026-04-15,PL-005,DEAL-MB-2026Q2,GIVT,1058,pattern_matching
2026-04-15,PL-005,DEAL-MB-2026Q2,SIVT,774,behavioral_analysis
2026-04-15,PL-006,DEAL-MB-2026Q2,GIVT,808,pattern_matching
2026-04-15,PL-006,DEAL-MB-2026Q2,SIVT,743,behavioral_analysis
2026-04-15,PL-007,DEAL-MB-2026Q2,GIVT,767,pattern_matching
2026-04-15,PL-007,DEAL-MB-2026Q2,SIVT,655,behavioral_analysis
2026-04-15,PL-008,DEAL-MB-2026Q2,GIVT,889,pattern_matching
2026-04-15,PL-008,DEAL-MB-2026Q2,SIVT,705,behavioral_analysis
2026-04-15,PL-009,DEAL-MB-2026Q2,GIVT,974,pattern_matching
2026-04-15,PL-009,DEAL-MB-2026Q2,SIVT,781,behavioral_analysis
2026-04-16,PL-001,DEAL-MB-2026Q2,GIVT,757,pattern_matching
2026-04-16,PL-001,DEAL-MB-2026Q2,SIVT,551,behavioral_analysis
2026-04-16,PL-002,DEAL-MB-2026Q2,GIVT,998,pattern_matching
2026-04-16,PL-002,DEAL-MB-2026Q2,SIVT,694,behavioral_analysis
2026-04-16,PL-003,DEAL-MB-2026Q2,GIVT,732,pattern_matching
2026-04-16,PL-003,DEAL-MB-2026Q2,SIVT,514,behavioral_analysis
2026-04-16,PL-004,DEAL-MB-2026Q2,GIVT,1012,pattern_matching
2026-04-16,PL-004,DEAL-MB-2026Q2,SIVT,782,behavioral_analysis
2026-04-16,PL-005,DEAL-MB-2026Q2,GIVT,640,pattern_matching
2026-04-16,PL-005,DEAL-MB-2026Q2,SIVT,542,behavioral_analysis
2026-04-16,PL-006,DEAL-MB-2026Q2,GIVT,805,pattern_matching
2026-04-16,PL-006,DEAL-MB-2026Q2,SIVT,645,behavioral_analysis
2026-04-16,PL-007,DEAL-MB-2026Q2,GIVT,868,pattern_matching
2026-04-16,PL-007,DEAL-MB-2026Q2,SIVT,737,behavioral_analysis
2026-04-16,PL-008,DEAL-MB-2026Q2,GIVT,729,pattern_matching
2026-04-16,PL-008,DEAL-MB-2026Q2,SIVT,674,behavioral_analysis
2026-04-16,PL-009,DEAL-MB-2026Q2,GIVT,1031,pattern_matching
2026-04-16,PL-009,DEAL-MB-2026Q2,SIVT,803,behavioral_analysis
2026-04-17,PL-001,DEAL-MB-2026Q2,GIVT,918,pattern_matching
2026-04-17,PL-001,DEAL-MB-2026Q2,SIVT,775,behavioral_analysis
2026-04-17,PL-002,DEAL-MB-2026Q2,GIVT,877,pattern_matching
2026-04-17,PL-002,DEAL-MB-2026Q2,SIVT,721,behavioral_analysis
2026-04-17,PL-003,DEAL-MB-2026Q2,GIVT,864,pattern_matching
2026-04-17,PL-003,DEAL-MB-2026Q2,SIVT,763,behavioral_analysis
2026-04-17,PL-004,DEAL-MB-2026Q2,GIVT,732,pattern_matching
2026-04-17,PL-004,DEAL-MB-2026Q2,SIVT,568,behavioral_analysis
2026-04-17,PL-005,DEAL-MB-2026Q2,GIVT,905,pattern_matching
2026-04-17,PL-005,DEAL-MB-2026Q2,SIVT,727,behavioral_analysis
2026-04-17,PL-006,DEAL-MB-2026Q2,GIVT,863,pattern_matching
2026-04-17,PL-006,DEAL-MB-2026Q2,SIVT,696,behavioral_analysis
2026-04-17,PL-007,DEAL-MB-2026Q2,GIVT,817,pattern_matching
2026-04-17,PL-007,DEAL-MB-2026Q2,SIVT,634,behavioral_analysis
2026-04-17,PL-008,DEAL-MB-2026Q2,GIVT,751,pattern_matching
2026-04-17,PL-008,DEAL-MB-2026Q2,SIVT,638,behavioral_analysis
2026-04-17,PL-009,DEAL-MB-2026Q2,GIVT,768,pattern_matching
2026-04-17,PL-009,DEAL-MB-2026Q2,SIVT,678,behavioral_analysis
2026-04-18,PL-001,DEAL-MB-2026Q2,GIVT,714,pattern_matching
2026-04-18,PL-001,DEAL-MB-2026Q2,SIVT,639,behavioral_analysis
2026-04-18,PL-002,DEAL-MB-2026Q2,GIVT,751,pattern_matching
2026-04-18,PL-002,DEAL-MB-2026Q2,SIVT,535,behavioral_analysis
2026-04-18,PL-003,DEAL-MB-2026Q2,GIVT,632,pattern_matching
2026-04-18,PL-003,DEAL-MB-2026Q2,SIVT,565,behavioral_analysis
2026-04-18,PL-004,DEAL-MB-2026Q2,GIVT,711,pattern_matching
2026-04-18,PL-004,DEAL-MB-2026Q2,SIVT,661,behavioral_analysis
2026-04-18,PL-005,DEAL-MB-2026Q2,GIVT,726,pattern_matching
2026-04-18,PL-005,DEAL-MB-2026Q2,SIVT,716,behavioral_analysis
2026-04-18,PL-006,DEAL-MB-2026Q2,GIVT,876,pattern_matching
2026-04-18,PL-006,DEAL-MB-2026Q2,SIVT,601,behavioral_analysis
2026-04-18,PL-007,DEAL-MB-2026Q2,GIVT,779,pattern_matching
2026-04-18,PL-007,DEAL-MB-2026Q2,SIVT,635,behavioral_analysis
2026-04-18,PL-008,DEAL-MB-2026Q2,GIVT,662,pattern_matching
2026-04-18,PL-008,DEAL-MB-2026Q2,SIVT,512,behavioral_analysis
2026-04-18,PL-009,DEAL-MB-2026Q2,GIVT,765,pattern_matching
2026-04-18,PL-009,DEAL-MB-2026Q2,SIVT,517,behavioral_analysis
2026-04-19,PL-001,DEAL-MB-2026Q2,GIVT,787,pattern_matching
2026-04-19,PL-001,DEAL-MB-2026Q2,SIVT,612,behavioral_analysis
2026-04-19,PL-002,DEAL-MB-2026Q2,GIVT,824,pattern_matching
2026-04-19,PL-002,DEAL-MB-2026Q2,SIVT,712,behavioral_analysis
2026-04-19,PL-003,DEAL-MB-2026Q2,GIVT,910,pattern_matching
2026-04-19,PL-003,DEAL-MB-2026Q2,SIVT,710,behavioral_analysis
2026-04-19,PL-004,DEAL-MB-2026Q2,GIVT,730,pattern_matching
2026-04-19,PL-004,DEAL-MB-2026Q2,SIVT,552,behavioral_analysis
2026-04-19,PL-005,DEAL-MB-2026Q2,GIVT,1040,pattern_matching
2026-04-19,PL-005,DEAL-MB-2026Q2,SIVT,880,behavioral_analysis
2026-04-19,PL-006,DEAL-MB-2026Q2,GIVT,941,pattern_matching
2026-04-19,PL-006,DEAL-MB-2026Q2,SIVT,716,behavioral_analysis
2026-04-19,PL-007,DEAL-MB-2026Q2,GIVT,923,pattern_matching
2026-04-19,PL-007,DEAL-MB-2026Q2,SIVT,817,behavioral_analysis
2026-04-19,PL-008,DEAL-MB-2026Q2,GIVT,795,pattern_matching
2026-04-19,PL-008,DEAL-MB-2026Q2,SIVT,570,behavioral_analysis
2026-04-19,PL-009,DEAL-MB-2026Q2,GIVT,1019,pattern_matching
2026-04-19,PL-009,DEAL-MB-2026Q2,SIVT,842,behavioral_analysis
2026-04-20,PL-001,DEAL-MB-2026Q2,GIVT,937,pattern_matching
2026-04-20,PL-001,DEAL-MB-2026Q2,SIVT,788,behavioral_analysis
2026-04-20,PL-002,DEAL-MB-2026Q2,GIVT,900,pattern_matching
2026-04-20,PL-002,DEAL-MB-2026Q2,SIVT,831,behavioral_analysis
2026-04-20,PL-003,DEAL-MB-2026Q2,GIVT,1016,pattern_matching
2026-04-20,PL-003,DEAL-MB-2026Q2,SIVT,840,behavioral_analysis
2026-04-20,PL-004,DEAL-MB-2026Q2,GIVT,725,pattern_matching
2026-04-20,PL-004,DEAL-MB-2026Q2,SIVT,640,behavioral_analysis
2026-04-20,PL-005,DEAL-MB-2026Q2,GIVT,975,pattern_matching
2026-04-20,PL-005,DEAL-MB-2026Q2,SIVT,796,behavioral_analysis
2026-04-20,PL-006,DEAL-MB-2026Q2,GIVT,762,pattern_matching
2026-04-20,PL-006,DEAL-MB-2026Q2,SIVT,675,behavioral_analysis
2026-04-20,PL-007,DEAL-MB-2026Q2,GIVT,901,pattern_matching
2026-04-20,PL-007,DEAL-MB-2026Q2,SIVT,762,behavioral_analysis
2026-04-20,PL-008,DEAL-MB-2026Q2,GIVT,747,pattern_matching
2026-04-20,PL-008,DEAL-MB-2026Q2,SIVT,547,behavioral_analysis
2026-04-20,PL-009,DEAL-MB-2026Q2,GIVT,1001,pattern_matching
2026-04-20,PL-009,DEAL-MB-2026Q2,SIVT,867,behavioral_analysis
2026-04-21,PL-001,DEAL-MB-2026Q2,GIVT,186,pattern_matching
2026-04-21,PL-001,DEAL-MB-2026Q2,SIVT,168,behavioral_analysis
2026-04-21,PL-002,DEAL-MB-2026Q2,GIVT,215,pattern_matching
2026-04-21,PL-002,DEAL-MB-2026Q2,SIVT,156,behavioral_analysis
2026-04-21,PL-003,DEAL-MB-2026Q2,GIVT,151,pattern_matching
2026-04-21,PL-003,DEAL-MB-2026Q2,SIVT,121,behavioral_analysis
2026-04-21,PL-004,DEAL-MB-2026Q2,GIVT,160,pattern_matching
2026-04-21,PL-004,DEAL-MB-2026Q2,SIVT,122,behavioral_analysis
2026-04-21,PL-005,DEAL-MB-2026Q2,GIVT,150,pattern_matching
2026-04-21,PL-005,DEAL-MB-2026Q2,SIVT,116,behavioral_analysis
2026-04-21,PL-006,DEAL-MB-2026Q2,GIVT,196,pattern_matching
2026-04-21,PL-006,DEAL-MB-2026Q2,SIVT,134,behavioral_analysis
2026-04-21,PL-007,DEAL-MB-2026Q2,GIVT,139,pattern_matching
2026-04-21,PL-007,DEAL-MB-2026Q2,SIVT,99,behavioral_analysis
2026-04-21,PL-008,DEAL-MB-2026Q2,GIVT,165,pattern_matching
2026-04-21,PL-008,DEAL-MB-2026Q2,SIVT,141,behavioral_analysis
2026-04-21,PL-009,DEAL-MB-2026Q2,GIVT,191,pattern_matching
2026-04-21,PL-009,DEAL-MB-2026Q2,SIVT,177,behavioral_analysis
2026-04-21,PL-010,DEAL-MB-2026Q2,GIVT,4564,pattern_matching
2026-04-21,PL-010,DEAL-MB-2026Q2,SIVT,3790,behavioral_analysis
2026-04-22,PL-001,DEAL-MB-2026Q2,GIVT,131,pattern_matching
2026-04-22,PL-001,DEAL-MB-2026Q2,SIVT,107,behavioral_analysis
2026-04-22,PL-002,DEAL-MB-2026Q2,GIVT,176,pattern_matching
2026-04-22,PL-002,DEAL-MB-2026Q2,SIVT,162,behavioral_analysis
2026-04-22,PL-003,DEAL-MB-2026Q2,GIVT,187,pattern_matching
2026-04-22,PL-003,DEAL-MB-2026Q2,SIVT,163,behavioral_analysis
2026-04-22,PL-004,DEAL-MB-2026Q2,GIVT,131,pattern_matching
2026-04-22,PL-004,DEAL-MB-2026Q2,SIVT,91,behavioral_analysis
2026-04-22,PL-005,DEAL-MB-2026Q2,GIVT,181,pattern_matching
2026-04-22,PL-005,DEAL-MB-2026Q2,SIVT,127,behavioral_analysis
2026-04-22,PL-006,DEAL-MB-2026Q2,GIVT,108,pattern_matching
2026-04-22,PL-006,DEAL-MB-2026Q2,SIVT,101,behavioral_analysis
2026-04-22,PL-007,DEAL-MB-2026Q2,GIVT,131,pattern_matching
2026-04-22,PL-007,DEAL-MB-2026Q2,SIVT,98,behavioral_analysis
2026-04-22,PL-008,DEAL-MB-2026Q2,GIVT,134,pattern_matching
2026-04-22,PL-008,DEAL-MB-2026Q2,SIVT,119,behavioral_analysis
2026-04-22,PL-009,DEAL-MB-2026Q2,GIVT,125,pattern_matching
2026-04-22,PL-009,DEAL-MB-2026Q2,SIVT,108,behavioral_analysis
2026-04-22,PL-010,DEAL-MB-2026Q2,GIVT,5137,pattern_matching
2026-04-22,PL-010,DEAL-MB-2026Q2,SIVT,3704,behavioral_analysis
2026-04-23,PL-001,DEAL-MB-2026Q2,GIVT,104,pattern_matching
2026-04-23,PL-001,DEAL-MB-2026Q2,SIVT,86,behavioral_analysis
2026-04-23,PL-002,DEAL-MB-2026Q2,GIVT,152,pattern_matching
2026-04-23,PL-002,DEAL-MB-2026Q2,SIVT,117,behavioral_analysis
2026-04-23,PL-003,DEAL-MB-2026Q2,GIVT,146,pattern_matching
2026-04-23,PL-003,DEAL-MB-2026Q2,SIVT,102,behavioral_analysis
2026-04-23,PL-004,DEAL-MB-2026Q2,GIVT,144,pattern_matching
2026-04-23,PL-004,DEAL-MB-2026Q2,SIVT,106,behavioral_analysis
2026-04-23,PL-005,DEAL-MB-2026Q2,GIVT,211,pattern_matching
2026-04-23,PL-005,DEAL-MB-2026Q2,SIVT,154,behavioral_analysis
2026-04-23,PL-006,DEAL-MB-2026Q2,GIVT,128,pattern_matching
2026-04-23,PL-006,DEAL-MB-2026Q2,SIVT,100,behavioral_analysis
2026-04-23,PL-007,DEAL-MB-2026Q2,GIVT,193,pattern_matching
2026-04-23,PL-007,DEAL-MB-2026Q2,SIVT,149,behavioral_analysis
2026-04-23,PL-008,DEAL-MB-2026Q2,GIVT,212,pattern_matching
2026-04-23,PL-008,DEAL-MB-2026Q2,SIVT,157,behavioral_analysis
2026-04-23,PL-009,DEAL-MB-2026Q2,GIVT,172,pattern_matching
2026-04-23,PL-009,DEAL-MB-2026Q2,SIVT,149,behavioral_analysis
2026-04-23,PL-010,DEAL-MB-2026Q2,GIVT,4471,pattern_matching
2026-04-23,PL-010,DEAL-MB-2026Q2,SIVT,3303,behavioral_analysis
2026-04-24,PL-001,DEAL-MB-2026Q2,GIVT,110,pattern_matching
2026-04-24,PL-001,DEAL-MB-2026Q2,SIVT,88,behavioral_analysis
2026-04-24,PL-002,DEAL-MB-2026Q2,GIVT,161,pattern_matching
2026-04-24,PL-002,DEAL-MB-2026Q2,SIVT,127,behavioral_analysis
2026-04-24,PL-003,DEAL-MB-2026Q2,GIVT,189,pattern_matching
2026-04-24,PL-003,DEAL-MB-2026Q2,SIVT,132,behavioral_analysis
2026-04-24,PL-004,DEAL-MB-2026Q2,GIVT,141,pattern_matching
2026-04-24,PL-004,DEAL-MB-2026Q2,SIVT,106,behavioral_analysis
2026-04-24,PL-005,DEAL-MB-2026Q2,GIVT,114,pattern_matching
2026-04-24,PL-005,DEAL-MB-2026Q2,SIVT,99,behavioral_analysis
2026-04-24,PL-006,DEAL-MB-2026Q2,GIVT,191,pattern_matching
2026-04-24,PL-006,DEAL-MB-2026Q2,SIVT,163,behavioral_analysis
2026-04-24,PL-007,DEAL-MB-2026Q2,GIVT,131,pattern_matching
2026-04-24,PL-007,DEAL-MB-2026Q2,SIVT,119,behavioral_analysis
2026-04-24,PL-008,DEAL-MB-2026Q2,GIVT,170,pattern_matching
2026-04-24,PL-008,DEAL-MB-2026Q2,SIVT,120,behavioral_analysis
2026-04-24,PL-009,DEAL-MB-2026Q2,GIVT,178,pattern_matching
2026-04-24,PL-009,DEAL-MB-2026Q2,SIVT,144,behavioral_analysis
2026-04-24,PL-010,DEAL-MB-2026Q2,GIVT,4784,pattern_matching
2026-04-24,PL-010,DEAL-MB-2026Q2,SIVT,3574,behavioral_analysis
2026-04-25,PL-001,DEAL-MB-2026Q2,GIVT,172,pattern_matching
2026-04-25,PL-001,DEAL-MB-2026Q2,SIVT,124,behavioral_analysis
2026-04-25,PL-002,DEAL-MB-2026Q2,GIVT,157,pattern_matching
2026-04-25,PL-002,DEAL-MB-2026Q2,SIVT,127,behavioral_analysis
2026-04-25,PL-003,DEAL-MB-2026Q2,GIVT,208,pattern_matching
2026-04-25,PL-003,DEAL-MB-2026Q2,SIVT,168,behavioral_analysis
2026-04-25,PL-004,DEAL-MB-2026Q2,GIVT,154,pattern_matching
2026-04-25,PL-004,DEAL-MB-2026Q2,SIVT,131,behavioral_analysis
2026-04-25,PL-005,DEAL-MB-2026Q2,GIVT,225,pattern_matching
2026-04-25,PL-005,DEAL-MB-2026Q2,SIVT,173,behavioral_analysis
2026-04-25,PL-006,DEAL-MB-2026Q2,GIVT,180,pattern_matching
2026-04-25,PL-006,DEAL-MB-2026Q2,SIVT,155,behavioral_analysis
2026-04-25,PL-007,DEAL-MB-2026Q2,GIVT,107,pattern_matching
2026-04-25,PL-007,DEAL-MB-2026Q2,SIVT,85,behavioral_analysis
2026-04-25,PL-008,DEAL-MB-2026Q2,GIVT,117,pattern_matching
2026-04-25,PL-008,DEAL-MB-2026Q2,SIVT,99,behavioral_analysis
2026-04-25,PL-009,DEAL-MB-2026Q2,GIVT,143,pattern_matching
2026-04-25,PL-009,DEAL-MB-2026Q2,SIVT,110,behavioral_analysis
2026-04-25,PL-010,DEAL-MB-2026Q2,GIVT,4052,pattern_matching
2026-04-25,PL-010,DEAL-MB-2026Q2,SIVT,3475,behavioral_analysis
2026-04-26,PL-001,DEAL-MB-2026Q2,GIVT,120,pattern_matching
2026-04-26,PL-001,DEAL-MB-2026Q2,SIVT,98,behavioral_analysis
2026-04-26,PL-002,DEAL-MB-2026Q2,GIVT,116,pattern_matching
2026-04-26,PL-002,DEAL-MB-2026Q2,SIVT,93,behavioral_analysis
2026-04-26,PL-003,DEAL-MB-2026Q2,GIVT,188,pattern_matching
2026-04-26,PL-003,DEAL-MB-2026Q2,SIVT,177,behavioral_analysis
2026-04-26,PL-004,DEAL-MB-2026Q2,GIVT,174,pattern_matching
2026-04-26,PL-004,DEAL-MB-2026Q2,SIVT,117,behavioral_analysis
2026-04-26,PL-005,DEAL-MB-2026Q2,GIVT,124,pattern_matching
2026-04-26,PL-005,DEAL-MB-2026Q2,SIVT,114,behavioral_analysis
2026-04-26,PL-006,DEAL-MB-2026Q2,GIVT,217,pattern_matching
2026-04-26,PL-006,DEAL-MB-2026Q2,SIVT,176,behavioral_analysis
2026-04-26,PL-007,DEAL-MB-2026Q2,GIVT,177,pattern_matching
2026-04-26,PL-007,DEAL-MB-2026Q2,SIVT,146,behavioral_analysis
2026-04-26,PL-008,DEAL-MB-2026Q2,GIVT,179,pattern_matching
2026-04-26,PL-008,DEAL-MB-2026Q2,SIVT,152,behavioral_analysis
2026-04-26,PL-009,DEAL-MB-2026Q2,GIVT,161,pattern_matching
2026-04-26,PL-009,DEAL-MB-2026Q2,SIVT,146,behavioral_analysis
2026-04-26,PL-010,DEAL-MB-2026Q2,GIVT,4435,pattern_matching
2026-04-26,PL-010,DEAL-MB-2026Q2,SIVT,4361,behavioral_analysis
2026-04-27,PL-001,DEAL-MB-2026Q2,GIVT,118,pattern_matching
2026-04-27,PL-001,DEAL-MB-2026Q2,SIVT,100,behavioral_analysis
2026-04-27,PL-002,DEAL-MB-2026Q2,GIVT,192,pattern_matching
2026-04-27,PL-002,DEAL-MB-2026Q2,SIVT,139,behavioral_analysis
2026-04-27,PL-003,DEAL-MB-2026Q2,GIVT,147,pattern_matching
2026-04-27,PL-003,DEAL-MB-2026Q2,SIVT,120,behavioral_analysis
2026-04-27,PL-004,DEAL-MB-2026Q2,GIVT,186,pattern_matching
2026-04-27,PL-004,DEAL-MB-2026Q2,SIVT,162,behavioral_analysis
2026-04-27,PL-005,DEAL-MB-2026Q2,GIVT,170,pattern_matching
2026-04-27,PL-005,DEAL-MB-2026Q2,SIVT,132,behavioral_analysis
2026-04-27,PL-006,DEAL-MB-2026Q2,GIVT,147,pattern_matching
2026-04-27,PL-006,DEAL-MB-2026Q2,SIVT,145,behavioral_analysis
2026-04-27,PL-007,DEAL-MB-2026Q2,GIVT,204,pattern_matching
2026-04-27,PL-007,DEAL-MB-2026Q2,SIVT,159,behavioral_analysis
2026-04-27,PL-008,DEAL-MB-2026Q2,GIVT,157,pattern_matching
2026-04-27,PL-008,DEAL-MB-2026Q2,SIVT,138,behavioral_analysis
2026-04-27,PL-009,DEAL-MB-2026Q2,GIVT,146,pattern_matching
2026-04-27,PL-009,DEAL-MB-2026Q2,SIVT,119,behavioral_analysis
2026-04-27,PL-010,DEAL-MB-2026Q2,GIVT,4161,pattern_matching
2026-04-27,PL-010,DEAL-MB-2026Q2,SIVT,3962,behavioral_analysis
2026-04-28,PL-001,DEAL-MB-2026Q2,GIVT,228,pattern_matching
2026-04-28,PL-001,DEAL-MB-2026Q2,SIVT,175,behavioral_analysis
2026-04-28,PL-002,DEAL-MB-2026Q2,GIVT,206,pattern_matching
2026-04-28,PL-002,DEAL-MB-2026Q2,SIVT,181,behavioral_analysis
2026-04-28,PL-003,DEAL-MB-2026Q2,GIVT,164,pattern_matching
2026-04-28,PL-003,DEAL-MB-2026Q2,SIVT,124,behavioral_analysis
2026-04-28,PL-004,DEAL-MB-2026Q2,GIVT,192,pattern_matching
2026-04-28,PL-004,DEAL-MB-2026Q2,SIVT,161,behavioral_analysis
2026-04-28,PL-005,DEAL-MB-2026Q2,GIVT,176,pattern_matching
2026-04-28,PL-005,DEAL-MB-2026Q2,SIVT,143,behavioral_analysis
2026-04-28,PL-006,DEAL-MB-2026Q2,GIVT,180,pattern_matching
2026-04-28,PL-006,DEAL-MB-2026Q2,SIVT,158,behavioral_analysis
2026-04-28,PL-007,DEAL-MB-2026Q2,GIVT,126,pattern_matching
2026-04-28,PL-007,DEAL-MB-2026Q2,SIVT,107,behavioral_analysis
2026-04-28,PL-008,DEAL-MB-2026Q2,GIVT,168,pattern_matching
2026-04-28,PL-008,DEAL-MB-2026Q2,SIVT,148,behavioral_analysis
2026-04-28,PL-009,DEAL-MB-2026Q2,GIVT,164,pattern_matching
2026-04-28,PL-009,DEAL-MB-2026Q2,SIVT,134,behavioral_analysis
2026-04-28,PL-010,DEAL-MB-2026Q2,GIVT,4797,pattern_matching
2026-04-28,PL-010,DEAL-MB-2026Q2,SIVT,3619,behavioral_analysis
2026-04-29,PL-001,DEAL-MB-2026Q2,GIVT,117,pattern_matching
2026-04-29,PL-001,DEAL-MB-2026Q2,SIVT,94,behavioral_analysis
2026-04-29,PL-002,DEAL-MB-2026Q2,GIVT,117,pattern_matching
2026-04-29,PL-002,DEAL-MB-2026Q2,SIVT,103,behavioral_analysis
2026-04-29,PL-003,DEAL-MB-2026Q2,GIVT,114,pattern_matching
2026-04-29,PL-003,DEAL-MB-2026Q2,SIVT,94,behavioral_analysis
2026-04-29,PL-004,DEAL-MB-2026Q2,GIVT,174,pattern_matching
2026-04-29,PL-004,DEAL-MB-2026Q2,SIVT,141,behavioral_analysis
2026-04-29,PL-005,DEAL-MB-2026Q2,GIVT,154,pattern_matching
2026-04-29,PL-005,DEAL-MB-2026Q2,SIVT,122,behavioral_analysis
2026-04-29,PL-006,DEAL-MB-2026Q2,GIVT,191,pattern_matching
2026-04-29,PL-006,DEAL-MB-2026Q2,SIVT,162,behavioral_analysis
2026-04-29,PL-007,DEAL-MB-2026Q2,GIVT,115,pattern_matching
2026-04-29,PL-007,DEAL-MB-2026Q2,SIVT,82,behavioral_analysis
2026-04-29,PL-008,DEAL-MB-2026Q2,GIVT,155,pattern_matching
2026-04-29,PL-008,DEAL-MB-2026Q2,SIVT,126,behavioral_analysis
2026-04-29,PL-009,DEAL-MB-2026Q2,GIVT,98,pattern_matching
2026-04-29,PL-009,DEAL-MB-2026Q2,SIVT,76,behavioral_analysis
2026-04-29,PL-010,DEAL-MB-2026Q2,GIVT,5640,pattern_matching
2026-04-29,PL-010,DEAL-MB-2026Q2,SIVT,3867,behavioral_analysis
2026-04-30,PL-001,DEAL-MB-2026Q2,GIVT,170,pattern_matching
2026-04-30,PL-001,DEAL-MB-2026Q2,SIVT,159,behavioral_analysis
2026-04-30,PL-002,DEAL-MB-2026Q2,GIVT,173,pattern_matching
2026-04-30,PL-002,DEAL-MB-2026Q2,SIVT,165,behavioral_analysis
2026-04-30,PL-003,DEAL-MB-2026Q2,GIVT,190,pattern_matching
2026-04-30,PL-003,DEAL-MB-2026Q2,SIVT,131,behavioral_analysis
2026-04-30,PL-004,DEAL-MB-2026Q2,GIVT,131,pattern_matching
2026-04-30,PL-004,DEAL-MB-2026Q2,SIVT,106,behavioral_analysis
2026-04-30,PL-005,DEAL-MB-2026Q2,GIVT,145,pattern_matching
2026-04-30,PL-005,DEAL-MB-2026Q2,SIVT,125,behavioral_analysis
2026-04-30,PL-006,DEAL-MB-2026Q2,GIVT,131,pattern_matching
2026-04-30,PL-006,DEAL-MB-2026Q2,SIVT,104,behavioral_analysis
2026-04-30,PL-007,DEAL-MB-2026Q2,GIVT,205,pattern_matching
2026-04-30,PL-007,DEAL-MB-2026Q2,SIVT,152,behavioral_analysis
2026-04-30,PL-008,DEAL-MB-2026Q2,GIVT,111,pattern_matching
2026-04-30,PL-008,DEAL-MB-2026Q2,SIVT,92,behavioral_analysis
2026-04-30,PL-009,DEAL-MB-2026Q2,GIVT,111,pattern_matching
2026-04-30,PL-009,DEAL-MB-2026Q2,SIVT,87,behavioral_analysis
2026-04-30,PL-010,DEAL-MB-2026Q2,GIVT,5275,pattern_matching
2026-04-30,PL-010,DEAL-MB-2026Q2,SIVT,3971,behavioral_analysis
